{
    "now": "2023-02-28T21:11:40.467Z",
    "perfNow": 6578685.699999988,
    "diagnosticCorrelation": "e62002e5-c856-4dd7-aafa-b576d3603d11",
    "source": "DownloadSupportFiles",
    "environment": {
        "productName": "a365",
        "buildVersion": "23.0213.22",
        "environmentType": 9,
        "resourceName": "synapsetestjuanll",
        "resourceRegion": "eastus",
        "resourceGroup": "synapse-test",
        "subscriptionId": "78be0479-f85e-40c8-80e7-dbbac5089527",
        "sessionId": "ZDfu+",
        "operationId": "YfGIY",
        "gitType": "live",
        "loggingKey": false
    },
    "additionalInfo": {
        "selectedResource": "WhoData",
        "selectedResourceType": "pipeline"
    }
}